{
  "accuracy": 0.0001834894355852157,
  "losses": {
    "position_0": 0.7742583751678467,
    "position_1": 0.027299581095576286,
    "position_2": 0.005010311026126146,
    "position_3": 0.0041167521849274635,
    "position_4": 0.007033470086753368,
    "position_5": 0.14312273263931274,
    "position_6": 0.05332623049616814,
    "position_7": 0.18809223175048828,
    "position_8": 0.058116793632507324,
    "position_9": 0.029343480244278908,
    "position_10": 0.0013297295663505793,
    "position_11": 0.001142325927503407,
    "position_12": 0.0032946374267339706,
    "position_13": 0.02057354897260666,
    "position_14": 0.29427650570869446,
    "position_15": 0.01310132909566164,
    "position_16": 0.1181814894080162,
    "position_17": 0.041668690741062164,
    "position_18": 0.021956689655780792,
    "position_19": 0.010258683934807777,
    "position_20": 0.043431464582681656,
    "position_21": 0.011818037368357182,
    "position_22": 0.020037377253174782,
    "position_23": 0.0784444659948349,
    "position_24": 0.02827291749417782,
    "position_25": 0.04105699062347412,
    "position_26": 0.21486534178256989,
    "position_27": 0.04307824373245239,
    "position_28": 0.001647425931878388,
    "position_29": 0.04158921539783478,
    "position_30": 0.031249307096004486,
    "position_31": 0.01124909520149231,
    "position_32": 0.008345137350261211,
    "position_33": 2.5636723041534424,
    "position_34": 0.30121466517448425,
    "position_35": 0.0009226117981597781,
    "position_36": 0.000967153930105269,
    "position_37": 0.024673398584127426,
    "position_38": 1.1077260971069336,
    "position_39": 1.0759475231170654,
    "position_40": 0.04214721918106079,
    "position_41": 0.03495478630065918,
    "position_42": 0.007922416552901268,
    "position_43": 0.0007525234250351787,
    "position_44": 0.03561175987124443,
    "position_45": 0.020376285538077354,
    "position_46": 0.008367007598280907,
    "position_47": 0.004649067297577858,
    "position_48": 0.07483137398958206,
    "position_49": 0.013215686194598675,
    "position_50": 0.014398839324712753,
    "position_51": 0.19271814823150635,
    "position_52": 0.35563695430755615,
    "position_53": 0.013143802992999554,
    "position_54": 0.10578125715255737,
    "position_55": 0.009530049748718739,
    "position_56": 0.0008978387922979891,
    "position_57": 0.16408033668994904,
    "position_58": 0.005683334544301033,
    "position_59": 0.01889117807149887,
    "position_60": 0.005341425072401762,
    "position_61": 0.07836499810218811,
    "position_62": 0.030451519414782524,
    "position_63": 0.0008873577462509274,
    "position_64": 0.0009380945703014731,
    "position_65": 0.16196444630622864,
    "position_66": 0.16351401805877686,
    "position_67": 0.4162161350250244,
    "position_68": 0.016147548332810402,
    "position_69": 0.009280990809202194,
    "position_70": 0.19207388162612915,
    "position_71": 0.0003756771038752049,
    "position_72": 0.0003469580551609397,
    "position_73": 0.0014334175502881408,
    "position_74": 0.016496337950229645,
    "position_75": 0.01941557042300701,
    "position_76": 0.0016350485384464264,
    "position_77": 0.01246318593621254,
    "position_78": 0.00516864750534296,
    "position_79": 0.0004049911512993276,
    "position_80": 0.0013213959755375981,
    "position_81": 0.0015587572706863284,
    "position_82": 0.0015608996618539095,
    "position_83": 0.001904937089420855,
    "position_84": 0.006461561191827059,
    "position_85": 0.0030031364876776934,
    "position_86": 0.002731166547164321,
    "position_87": 0.0034438606817275286,
    "position_88": 0.007814076729118824,
    "position_89": 0.00024053541710600257,
    "position_90": 0.002953574061393738,
    "position_91": 0.0045916358940303326,
    "position_92": 0.004107966553419828,
    "position_93": 0.0017704778583720326,
    "position_94": 0.004146906081587076,
    "position_95": 0.0013021094491705298,
    "position_96": 0.000388665939681232,
    "position_97": 0.0004522969538811594,
    "position_98": 0.0009068905492313206,
    "position_99": 0.0037354708183556795,
    "position_100": 0.05475252866744995,
    "position_101": 0.0011547094909474254,
    "position_102": 0.002753754146397114,
    "position_103": 0.0009064141195267439,
    "position_104": 0.00029666791670024395,
    "position_105": 0.0025445008650422096,
    "position_106": 0.002113253576681018,
    "position_107": 0.0013658013194799423,
    "position_108": 0.0010417040903121233,
    "position_109": 0.003784400876611471,
    "position_110": 0.0007260785205289721,
    "position_111": 0.004550696350634098,
    "position_112": 0.025404566898941994,
    "position_113": 0.0013240152038633823,
    "position_114": 0.020999711006879807,
    "position_115": 0.0526697151362896
  }
}